<?xml version="1.0" encoding="UTF-8"?>
<beans xmlns="http://www.springframework.org/schema/beans"
	xmlns:xsi="http://www.w3.org/2001/XMLSchema-instance"
	xmlns:context="http://www.springframework.org/schema/context"
	xmlns:jdbc="http://www.springframework.org/schema/jdbc"
	xmlns:mvc="http://www.springframework.org/schema/mvc"
	xmlns:tx="http://www.springframework.org/schema/tx"
	xsi:schemaLocation="http://www.springframework.org/schema/beans http://www.springframework.org/schema/beans/spring-beans.xsd
		http://www.springframework.org/schema/context http://www.springframework.org/schema/context/spring-context.xsd
		http://www.springframework.org/schema/jdbc http://www.springframework.org/schema/jdbc/spring-jdbc.xsd
		http://www.springframework.org/schema/mvc http://www.springframework.org/schema/mvc/spring-mvc.xsd
		http://www.springframework.org/schema/tx http://www.springframework.org/schema/tx/spring-tx.xsd">

    <context:component-scan base-package="com.library"/>

    <bean id="viewResolver" class="org.springframework.web.servlet.view.InternalResourceViewResolver">
        <property name="prefix" value="/view/"/>
        <property name="suffix" value=".jsp"/>
    </bean>

    <bean id="ds" class="org.springframework.jdbc.datasource.DriverManagerDataSource">
        <property name="driverClassName" value="com.mysql.cj.jdbc.Driver"/>
        <property name="url" value="jdbc:mysql://localhost:3306/library"/>
        <property name="username" value="root"/>
        <property name="password" value="root"/>
    </bean>

    <bean id="sf" class="org.springframework.orm.hibernate5.LocalSessionFactoryBean">
        <property name="dataSource" ref="ds"/>
        
        <property name="hibernateProperties">
         	<props>
         		<prop key="hibernate.hbm2ddl.auto">update</prop>
         		<prop key="hibernate.show_sql">true</prop>
         		<prop key="hibernate.dialect">org.hibernate.dialect.MySQL57Dialect</prop>
         	</props>        
        </property>
        <property name="annotatedClasses">
            <list>
                <value>com.library.Model.Library</value>
                <value>com.library.Model.Book</value>
                <value>com.library.Model.Student</value>
            </list>
        </property>
    </bean>
    <!-- Add other beans or configurations as needed -->
</beans>
